<meta>
    <file src="veg_palm03.dff"></file>
    <file src="gta_tree_palm.txd"></file>
    <script src="client.lua" type="client"></script>
    <script src="textures.lua" type="client"></script>
    <script src="CSM.lua" type="client"></script>
    <file src="gta_tree_palm2.txd" />
    <script src="client2.lua" type="client" />
    <file src="veg_palm02.dff" />
    <script src="music.lua" type="client" />
    <info gamemodes="race" type="map" name="[DM] Stoprocent v3 - NIEBO" author="Stoprocent" version="1.0.0"></info>
    <map src="Stoprov3.map" dimension="0"></map>
    <settings>
        <setting name="#skins" value='[ &quot;cj&quot; ]'></setting>
        <setting name="#maxplayers" value="[ 128 ]"></setting>
        <setting name="#gamespeed" value="[ 1 ]"></setting>
        <setting name="#ghostmode" value='[ &quot;true&quot; ]'></setting>
        <setting name="#time" value="6:5"></setting>
        <setting name="#vehicleweapons" value='[ &quot;true&quot; ]'></setting>
        <setting name="#minplayers" value="[ 0 ]"></setting>
        <setting name="#weather" value="[ 0 ]"></setting>
        <setting name="#gravity" value="[ 0.008000 ]"></setting>
        <setting name="#waveheight" value="[ 0 ]"></setting>
        <setting name="#respawntime" value="[ 0 ]"></setting>
        <setting name="#locked_time" value="[ true ]"></setting>
        <setting name="#duration" value="[ 1800 ]"></setting>
        <setting name="#respawn" value='[ &quot;none&quot; ]'></setting>
    </settings>
</meta>
